id	full_text	video_url_list	created_at	user_id	user_name	user_friends_count	user_followers_count	user_statuses_count	video_downloaded
1523613725831593984	"#UPDATE - The moment opposition leader Sajith Premadasa was chased away at Galle Face. 

#lka #SriLanka #ProtestLK #MynaGoGama #Police #GotaGoGama #PoliceCurfew #GoHomeRajapakshas #‡∂Ö‡∂ª‡∂ú‡∂Ω‡∂∫‡∂ß‡∂¢‡∂∫ #GalleFaceProtest 
via-
@Kavinthans https://t.co/0DQcxXk1ee"	['https://video.twimg.com/ext_tw_video/1523613706453757954/pu/pl/TdrO8OGeI3j9Mtfw.m3u8?tag=12&container=fmp4']	2022-05-09 10:39:54	1424025262405029893	ShanM	1003	1101	943	False
1523634643475386368	"@PresRajapaksa supporters jeered as the #Anthare joined in the protests at the now destroyed #GotaGoGama in Galle Face. 

#GoHomeGota2022 #SriLanka  #ProtestLK  #GotaGoGama #PoliceCurfew #GoHomeRajapakshas #‡∂Ö‡∂ª‡∂ú‡∂Ω‡∂∫‡∂ß‡∂¢‡∂∫ https://t.co/Gys0ak5oDp"	['https://video.twimg.com/ext_tw_video/1523634588052078592/pu/vid/320x580/QJA6dSefQnfv4WM7.mp4?tag=12']	2022-05-09 12:03:01	1424025262405029893	ShanM	1003	1101	943	False
1523613990110203904	"Supporters of Gov coming without any resistance from police. And protesters pleading to use water canon and tear gas to stop them.  But no action taken. 
‡∂¥‡∑ú‡∑Ñ‡∑ú‡∂ß‡∑ä‡∂ß‡∑î ‡∂∏‡∑ê‡∂ª‡∂∫‡∑ù ‡∂¥‡∑ú‡∂Ω‡∑í‡∑É‡∑í‡∂∫‡∑ö ‡∂ö‡∑í‡∑É‡∑í‡∂∏ ‡∂Ö‡∑Ä‡∑Ñ‡∑í‡∂ª‡∂∫‡∂ö‡∑í‡∂±‡∑ä ‡∂≠‡∑ú‡∂ª‡∑Ä ‡∂¥‡∑Ñ‡∂ª ‡∂Ø‡∑ì‡∂∏‡∂ß ‡∂ë‡∂± ‡∂Ü‡∂ö‡∑è‡∂ª‡∂∫ #GotaGoGama https://t.co/lRi6QiyTZV"	['https://video.twimg.com/ext_tw_video/1523613752075055105/pu/pl/nsac1yBmbo3levEv.m3u8?tag=12&container=fmp4']	2022-05-09 10:40:57	375471748	The Citizen	571	3254	22651	False
1523641063814332416	"#GoHomeGota  #GotaGoGama
#SriLanka the counter violence by ppl against violence unleased by ruling Srilanka would not have imagined in their wildest dreams of people's anger of this scale. One MP dead in clashes https://t.co/86I0zJNWVq"	['https://video.twimg.com/ext_tw_video/1523641013885370369/pu/vid/480x848/2V69CcgUFrBQlTKf.mp4?tag=12']	2022-05-09 12:28:32	883673304309133312	The Voice Of Citizens	120	450	4289	False
1523632654310342656	"Power to the people. Today, we will take back everything they thought we lost. Gotagogama stronger than ever. 
RESPECT...

#GoHomeGota2022 #SriLanka  #ProtestLK  #GotaGoGama #PoliceCurfew #GoHomeRajapakshas #‡∂Ö‡∂ª‡∂ú‡∂Ω‡∂∫‡∂ß‡∂¢‡∂∫ https://t.co/74oUjJZ4n7"	['https://video.twimg.com/ext_tw_video/1523632582298112002/pu/vid/352x640/6_tmlXPauIwq-6jZ.mp4?tag=12']	2022-05-09 11:55:07	1424025262405029893	ShanM	1003	1101	943	False
1523623908754485248	"Thugs attacking innocent people during the struggle...
WE HATE THIS RULERS...

#GoHomeGota2022 #SriLanka  #ProtestLK #MynaGoGama #GotaGoGama #PoliceCurfew #GoHomeRajapakshas #‡∂Ö‡∂ª‡∂ú‡∂Ω‡∂∫‡∂ß‡∂¢‡∂∫ #GalleFaceProtest https://t.co/yE054T6p5W"	['https://video.twimg.com/ext_tw_video/1523623856656760834/pu/pl/u9Q8KQfyAH09aXpP.m3u8?tag=12&container=fmp4&v=670']	2022-05-09 11:20:22	1507645317944160257	SHAN	61	33	148	False
1523644616297545728	"These Rajapaksa bootlickers got what they deserve for attacking the GotaGoGama peaceful protest! 

#GoHomeGota2022 #GoHomeRajapaksas #ProtestLK #GotaGoGama https://t.co/p0oIR0ywcQ"	['https://video.twimg.com/ext_tw_video/1523644483363307520/pu/vid/720x1280/SCmj_8S4C1UdmI3i.mp4?tag=12']	2022-05-09 12:42:39	77305190	Kevin Perera	803	141	1011	False
1523611719305957376	"#UPDATE : Footage of attack on Opposition Leader Sajith Premadasa and MP Eran Wickramaratne at Galle Face.

#lka #SriLanka #ProtestLK #MynaGoGama #Police #GotaGoGama #PoliceCurfew #GoHomeRajapakshas 
#‡∂Ö‡∂ª‡∂ú‡∂Ω‡∂∫‡∂ß‡∂¢‡∂∫ #galleface https://t.co/kHhbfUwTZF"	['https://video.twimg.com/ext_tw_video/1523611511788294145/pu/vid/320x564/KBCPtEw6YLCX7yla.mp4?tag=12']	2022-05-09 10:31:55	1424025262405029893	ShanM	1003	1101	943	False
1523624801616601088	"Give your fullest support on his way üëçüëçüëåüëå
OUR HUGE RESPECT...

#GoHomeGota2022 #SriLanka  #ProtestLK #MynaGoGama #GotaGoGama #PoliceCurfew #GoHomeRajapakshas #‡∂Ö‡∂ª‡∂ú‡∂Ω‡∂∫‡∂ß‡∂¢‡∂∫ #GalleFaceProtest https://t.co/IOf3sizECH"	['https://video.twimg.com/ext_tw_video/1523624636151480322/pu/vid/320x320/WHtALcfmgLX-p1YL.mp4?tag=12']	2022-05-09 11:23:54	1507645317944160257	SHAN	61	33	148	False
1523628005960028160	#SriLanka Government-sponsored protesters attacked innocent peaceful protesters #lka #SriLankaCrisis  #gotagogama #SriLankaprotest #SriLankaEconomicCrisis https://t.co/SIQn172VVI	['https://video.twimg.com/ext_tw_video/1523627985135448064/pu/pl/EbdzITUrTJqsmrQR.m3u8?tag=12&container=fmp4']	2022-05-09 11:36:38	1410577548363374592	Yashika Keswani	4693	4459	598	False
1523617144600428544	"Police by Colombo‚Äôs Galle Face green. Tense scenes continue here. 

#lka #SriLanka #ProtestLK #MynaGoGama #Police #GotaGoGama #PoliceCurfew #GoHomeRajapakshas #‡∂Ö‡∂ª‡∂ú‡∂Ω‡∂∫‡∂ß‡∂¢‡∂∫ #GalleFaceProtest https://t.co/6OZE90Q9lO"	['https://video.twimg.com/ext_tw_video/1523617049213345792/pu/vid/480x270/viQb_bBStb3ojUxF.mp4?tag=12']	2022-05-09 10:53:29	1424025262405029893	ShanM	1003	1101	943	False
1523633098583609344	"#GoHomeGota #SriLanka #GotaGoGama
Rajapaksa thugs destroyed Kandy protest site too. Police watching. IGP should  go! lets make this also a slogan! https://t.co/pdN4a3R7En"	['https://video.twimg.com/ext_tw_video/1523632104491438081/pu/vid/352x640/gb4gdjG62veQ-kVS.mp4?tag=12']	2022-05-09 11:56:53	27633152	sunanda deshapriya	462	25040	17922	False
1523627294840950784	"#GoHomeGota #SriLanka #GotaGoGama
Joni's bus on Fire! https://t.co/4Yp5ygLiHA"	['https://video.twimg.com/ext_tw_video/1523627086489034757/pu/vid/320x580/9OJ8KxHrmZ9heIHA.mp4?tag=12']	2022-05-09 11:33:49	27633152	sunanda deshapriya	462	25040	17922	False
1523627614425939968	"This is the reason why people in Dematagoda protesting, a gas dealer refusing to sell gas cylinders to the ordinary public but selling them to the businesses at a higher price.

#GoHomeGota2022 #SriLanka  #ProtestLK  #GotaGoGama #PoliceCurfew #GoHomeRajapakshas #‡∂Ö‡∂ª‡∂ú‡∂Ω‡∂∫‡∂ß‡∂¢‡∂∫ https://t.co/FUk50KzLFY"	['https://video.twimg.com/ext_tw_video/1523627491625254912/pu/pl/kZP7I8eP99JfJG94.m3u8?tag=12&container=fmp4']	2022-05-09 11:35:05	1424025262405029893	ShanM	1003	1101	943	False
1523627485455208450	"This is what happens when you work for a rice pack and a local liquor.

#GotaGoGama #SriLankanProtests https://t.co/WuibDuu48A"	['https://video.twimg.com/ext_tw_video/1523626935716397057/pu/vid/640x640/oTT7gt5auNb7IFqb.mp4?tag=12']	2022-05-09 11:34:34	1168548668481273857	Shuaelll	222	50	356	False
1523607007017979904	"Gota Go Gama being rebuilt

#PulseToday #lka #SriLanka #MainaGoGama #GotaGoGama #ProtestLK #PoliceCurfew #EmergencyLaw https://t.co/1ktWMXjNAY"	['https://video.twimg.com/ext_tw_video/1523606925891579905/pu/vid/352x640/Jmk0IcjjnpBKUlHp.mp4?tag=12']	2022-05-09 10:13:12	1398564119054151685	Pulse Today	1	674	1714	False
1523625280761257986	This is how Government sponsored protesters attacked innocent peaceful protesters #lka #srilanka #gotagogama https://t.co/JHViDPWYo9	['https://video.twimg.com/ext_tw_video/1523625191204610048/pu/vid/476x270/VV5MY3bb4iPImxSA.mp4?tag=12']	2022-05-09 11:25:49	1121119155615191040	ÿ£ÿ≥ÿ±ŸäüêøÔ∏è	1442	260	2325	False
1523646194047610880	"A noticeable end for rajapaksha's. 
this was done by those who was supporting the government since this morning.
Against the thuggery act in #GotaGoGama
(09.05.2022 Akkaraipattu 4:00 pm)
#ProtestLK 
#‡∂Ö‡∂ª‡∂ú‡∂Ω‡∂∫‡∂ß‡∂¢‡∂∫ 
#GotaGoHome https://t.co/XZQvrN7NdB"	['https://video.twimg.com/ext_tw_video/1523646118772580354/pu/vid/720x1280/DnNZjWGq4eeM8MJB.mp4?tag=12']	2022-05-09 12:48:55	1416672710256513025	Afeef fawas	163	114	183	False
1523627448633806854	Live from #GotaGoGama https://t.co/XvxgPVwFuo	['https://video.twimg.com/ext_tw_video/1523624587136806912/pu/pl/5BnjByqBapKOuWdL.m3u8?tag=12&container=fmp4']	2022-05-09 11:34:26	912914237546205184	Michael David	134	736	1481	False
1523605906256105472	Police being attacked at #GotaGoGama #GoHomeGota https://t.co/xttGe486Bq	['https://video.twimg.com/ext_tw_video/1523605668430761985/pu/vid/1280x720/L3eOeOAy0CC6nSGL.mp4?tag=12']	2022-05-09 10:08:49	757284097366429696	Nisal Suriyaarachchi üá±üá∞	40	122	88	False
1523615994668732417	"Pro-government protesters attacked a peaceful protester in Galle Face Protest.

#lka #SriLanka #ProtestLK #MynaGoGama #Police #GotaGoGama #PoliceCurfew #GoHomeRajapakshas #‡∂Ö‡∂ª‡∂ú‡∂Ω‡∂∫‡∂ß‡∂¢‡∂∫ #GalleFaceProtest https://t.co/0qqFqg3hQh"	['https://video.twimg.com/ext_tw_video/1523615975404453889/pu/pl/3pMz2Qgg5eROlQSU.m3u8?tag=12&container=fmp4']	2022-05-09 10:48:55	1424025262405029893	ShanM	1003	1101	943	False
1523636153228079104	"Rajapaksa thugs destroyed Kandy protest site too. Police watching. IGP should  go! lets make this also a slogan!

#GoHomeGota2022 #SriLanka  #ProtestLK  #GotaGoGama #PoliceCurfew #GoHomeRajapakshas #‡∂Ö‡∂ª‡∂ú‡∂Ω‡∂∫‡∂ß‡∂¢‡∂∫ https://t.co/QuLvoS3qgy"	['https://video.twimg.com/ext_tw_video/1523636088828571653/pu/vid/352x640/i3fAM43XcM58Gvq1.mp4?tag=12']	2022-05-09 12:09:01	1424025262405029893	ShanM	1003	1101	943	False
1523621290405695490	"#GoHomeGota  #GotaGoGama
#SriLanka the counter violence by ppl against violence unleased by  ruling @Rajapaksa_Mafia against peaceful protestors are still on going; They would not have imagine in their wildest dreams of people's anger of this scale. It is a revolution a sort of. https://t.co/tsZHzdeAWt"	['https://video.twimg.com/ext_tw_video/1523620224188272640/pu/vid/320x564/ELO1Lkl2Ba5-dRNd.mp4?tag=12']	2022-05-09 11:09:57	27633152	sunanda deshapriya	462	25040	17922	False
1523631486750322690	"The greatest political upheaval of the youth in the history of Sri Lanka.
Remember the DATE 09.05.2022

#GoHomeGota2022 #SriLanka  #ProtestLK  #GotaGoGama #PoliceCurfew #GoHomeRajapakshas #‡∂Ö‡∂ª‡∂ú‡∂Ω‡∂∫‡∂ß‡∂¢‡∂∫ https://t.co/uPGS9YGSWh"	['https://video.twimg.com/ext_tw_video/1523631448938397698/pu/vid/320x580/9BNXLXP7iI1qTnVx.mp4?tag=12']	2022-05-09 11:50:28	1424025262405029893	ShanM	1003	1101	943	False
1523607268280856577	"Rajapaksa supporter dumped into a grabage bin by angry protesters.
#lka #SriLanka #ProtestLK #MynaGoGama #Police #GotaGoGama #PoliceCurfew #GoHomeRajapakshas 
#‡∂Ö‡∂ª‡∂ú‡∂Ω‡∂∫‡∂ß‡∂¢‡∂∫ https://t.co/ugNNJSP5VW"	['https://video.twimg.com/ext_tw_video/1523607230238572544/pu/vid/320x388/uBeqXhn-XESw0_HW.mp4?tag=12']	2022-05-09 10:14:14	1507645317944160257	SHAN	61	33	148	False
1523621130367512576	"Supporters of Gov coming without any resistance from police. And protesters pleading to use water canon and tear gas to stop them.  But no action taken. 

#GoHomeGota2022 #SriLanka  #ProtestLK #MynaGoGama #GotaGoGama #PoliceCurfew #GoHomeRajapakshas #‡∂Ö‡∂ª‡∂ú‡∂Ω‡∂∫‡∂ß‡∂¢‡∂∫ #GalleFaceProtest https://t.co/P2ImI8tJ3f"	['https://video.twimg.com/ext_tw_video/1523620864415211520/pu/vid/320x568/kfYqpmSNDKhe-iwQ.mp4?tag=12']	2022-05-09 11:09:19	1424025262405029893	ShanM	1003	1101	943	False
1523614903801892865	"Police water canons -  as pro @PresRajapaksa
 supporters attack Galle Face protest site #SriLanka...

#lka #SriLanka #ProtestLK #MynaGoGama #Police #GotaGoGama #PoliceCurfew #GoHomeRajapakshas #‡∂Ö‡∂ª‡∂ú‡∂Ω‡∂∫‡∂ß‡∂¢‡∂∫ #GalleFaceProtest 
via- @AmanthaP https://t.co/cyg7INTPZu"	['https://video.twimg.com/ext_tw_video/1523614856804552704/pu/pl/MVOZu3v9e8ZiVO66.m3u8?tag=12&container=fmp4']	2022-05-09 10:44:35	1507645317944160257	SHAN	61	33	148	False
1523625911555219456	"Rajapaksa supporter admits being paid by LKR 2000

Daily Mirror has taken down this video.

@Dailymirror_SL @Welikumbura @roelraymond @AzzamAmeen @sunandadesh #GotaGoGama #GoHomeRajapakshas #GoHomeRajapakshas #SriLankaCrisis #SriLankaprotest #LKA #SriLanka https://t.co/XxwBMTX4oi"	['https://video.twimg.com/ext_tw_video/1523625437619838981/pu/vid/480x640/ZOmTaG49xn9vAZYw.mp4?tag=12']	2022-05-09 11:28:19	1135586682437160962	lIIIllIIIIIIlll	199	13	1322	False
1523625762028277760	See how the people treated to Mahinda's protesters. üòÇ #GotaGoGama #GoHomeRajapaksas #MahindaRajapaksha #‡∂Ö‡∂ª‡∂ú‡∂Ω‡∂∫‡∂ß‡∂¢‡∂∫ #GotaGoHome #ProtestLK https://t.co/LGFsEfyjRb	['https://video.twimg.com/ext_tw_video/1523625473909334018/pu/vid/320x320/h-Y1HNGNFLF5PXKl.mp4?tag=12']	2022-05-09 11:27:43	1243055223716728832	Thisara Naveen	2618	707	836	False
1523638711698673665	"Goons 

#srilanka #ProtestLK #GotaGoGama #‡∂Ö‡∂ª‡∂ú‡∂Ω‡∂∫‡∂ß‡∂¢‡∂∫ #lka https://t.co/7MyQAm2r7p"	['https://video.twimg.com/ext_tw_video/1523638686562361344/pu/vid/234x426/uwBwF6sUvWC_5ndG.mp4?tag=12']	2022-05-09 12:19:11	134440873	lucias	1278	855	2026	False
1523629490446159873	"#SriLankanProtests 

130 people injured &amp; hospitalized following the tense situation between pro-government and peaceful protestors at #MynaGoGama  and #GotaGoGama  protest sites https://t.co/vXgEjHlzcO"	['https://video.twimg.com/ext_tw_video/1523629314390265856/pu/vid/320x564/m3cNZVid4SCET4Em.mp4?tag=12']	2022-05-09 11:42:32	1107288899448123392	Smriti Sharma	514	1767	6132	False
1523632569639600128	"Power to the people. Today, we will take back everything they thought we lost. Gotagogama stronger than ever. 
RESPECT...

#GoHomeGota2022 #SriLanka  #ProtestLK  #GotaGoGama #PoliceCurfew #GoHomeRajapakshas #‡∂Ö‡∂ª‡∂ú‡∂Ω‡∂∫‡∂ß‡∂¢‡∂∫ https://t.co/7LYamzJFzE"	['https://video.twimg.com/ext_tw_video/1523632506972610561/pu/pl/6OUklOcUJnM5JanM.m3u8?tag=12&container=fmp4&v=40a']	2022-05-09 11:54:46	1507645317944160257	SHAN	61	33	148	False
1523640945861742594	"Now In #GotaGoGama  
#lka #lk #SriLankaCrisis #SriLankaProtests https://t.co/qHTjpAV6O7"	['https://video.twimg.com/ext_tw_video/1523640518181224450/pu/vid/660x360/ReQf634q68st75dq.mp4?tag=12']	2022-05-09 12:28:04	3356575338	Shamil Ahamed	398	294	129	False
1523610764673974272	"#UPDATE : Supporters of the Prime Minister jump into Berawewa after being chased by Galle Face protesters.

#lka #SriLanka #ProtestLK #MynaGoGama #Police #GotaGoGama #PoliceCurfew #GoHomeRajapakshas 
#‡∂Ö‡∂ª‡∂ú‡∂Ω‡∂∫‡∂ß‡∂¢‡∂∫ #galleface https://t.co/J2apXb9JrS"	['https://video.twimg.com/ext_tw_video/1523610586667487233/pu/pl/UUwWWOzK6OAsYxUr.m3u8?tag=12&container=fmp4']	2022-05-09 10:28:08	1507645317944160257	SHAN	61	33	148	False
1523627551591120897	We are rebuilding the library at #Gotagogama #Gotagogamalibrary #Gohomegota #Gohomegota2022 https://t.co/U5Nae3fDMa	['https://video.twimg.com/ext_tw_video/1523627478702596097/pu/vid/480x270/Ys6J774WM65o15Jr.mp4?tag=12']	2022-05-09 11:34:50	2721060950	Panchamee Hewavissenti	6	177	989	False
1523628331828060162	Heads have begun to roll in #SriLanka. #MahindaRajapaksha has resigned, now #Gotabaya will have to go. When will heads roll in India for the soaring prices of food &amp; fuel, falling income and bulldozed homes &amp; livelihood? (video of solidarity protest, London, May 1) #GotaGoGama https://t.co/Ek1XkCozfz	['https://video.twimg.com/ext_tw_video/1523627491356975104/pu/vid/480x852/87GMlagJhJHGJ9Wo.mp4?tag=12']	2022-05-09 11:37:56	1274038568	Dipankar	772	41280	11528	False
1523623275913302016	"A cab, reportedly a backup vehicle of former Minister Johnston Fernando has been toppled into Beira Lake by the people...
#powertothepeople‚úäüèæ 
#SriLanka #lka #SriLankaProtests  #galleface #EconomicCrisisLK #ProtestLK #GotaGoHome #GotaGoGama
#SriLanka https://t.co/spVKnjFNxd"	['https://video.twimg.com/ext_tw_video/1523619799334596609/pu/pl/JavfWwNC6C_xMkgp.m3u8?tag=12&container=fmp4']	2022-05-09 11:17:51	1129720498936397825	Mako	377	42	1748	False
1523615744231358464	"#UPDATE- Sajith attacked amidst tensions at Galle Face protest site.

#lka #SriLanka #ProtestLK #MynaGoGama #Police #GotaGoGama #PoliceCurfew #GoHomeRajapakshas #‡∂Ö‡∂ª‡∂ú‡∂Ω‡∂∫‡∂ß‡∂¢‡∂∫ #GalleFaceProtest 
via- 
@AdaDerana_24 https://t.co/tUpZyTCo86"	['https://video.twimg.com/ext_tw_video/1523615448268517376/pu/vid/640x360/BCY7m9e-S0TCjqE4.mp4?tag=12']	2022-05-09 10:47:55	1424025262405029893	ShanM	1003	1101	943	False
1523632323455229962	"@PresRajapaksa supporters jeered as the #Anthare joined in the protests at the now destroyed #GotaGoGama in Galle Face. 
#EconomicCrisisLk #ProtestLK https://t.co/KymEoSKGpT"	['https://video.twimg.com/ext_tw_video/1523632272637071367/pu/vid/352x640/L_Plez1eK7eVxwdZ.mp4?tag=12']	2022-05-09 11:53:48	2911405998	EconomyNext	376	7915	11615	False
1523616619830071296	"People marched towards the #GotaGoGama after it was attacked by the government goons.

#lk #SriLanka #GoHomeGota #GohomeRajapaksa #SriLankaProtests #SrilankanCrisis https://t.co/MVhX8cIErL"	['https://video.twimg.com/ext_tw_video/1523615800481185792/pu/pl/IdzqJV8NADcXuPji.m3u8?tag=12&container=fmp4']	2022-05-09 10:51:24	914720730	Prasad Welikumbura	967	27422	20321	False
1523618676863160321	Getting what they deserve. #GotaGoGama #GotaGoHome2022 #lka https://t.co/pMsK7twB0d	['https://video.twimg.com/ext_tw_video/1523618616587005952/pu/vid/320x564/sk8Rne-olCndMyhz.mp4?tag=12']	2022-05-09 10:59:34	19105984	Hasitha Kannangara	1447	467	7996	False
1523636704678395904	"Present situation in Mahabage 

#PulseToday #lka #SriLanka #MainaGoGama #GotaGoGama #ProtestLK #PoliceCurfew #EmergencyLaw https://t.co/WdHPsbVYYz"	['https://video.twimg.com/ext_tw_video/1523636605394853890/pu/pl/1WEAwghLy5qs2wf9.m3u8?tag=12&container=fmp4']	2022-05-09 12:11:12	1398564119054151685	Pulse Today	1	674	1714	False
1523613254203097090	"Supporters of the Prime Minister jumped into the Berewewa after being chased by Galle Face protesters.

#lka #SriLanka #ProtestLK #MynaGoGama #Police #GotaGoGama #PoliceCurfew #GoHomeRajapakshas #‡∂Ö‡∂ª‡∂ú‡∂Ω‡∂∫‡∂ß‡∂¢‡∂∫ #GalleFaceProtest 
via-@ManithFdo10 https://t.co/xMLm3L4THl"	['https://video.twimg.com/ext_tw_video/1523613133201420288/pu/pl/9a7Hq8RO_Rx9mZIw.m3u8?tag=12&container=fmp4']	2022-05-09 10:38:01	1507645317944160257	SHAN	61	33	148	False
1523631906335514625	#SriLankaProtests at its best. #GoHomeMahinda #GoHomeGota2022 #GoHomeRajapaksas #SriLankaEconomicCrisis #GotaGoGama https://t.co/tpCrsJGRXS	['https://video.twimg.com/ext_tw_video/1523631701783625734/pu/vid/888x568/uGMRCTQHZASxFUWI.mp4?tag=12']	2022-05-09 11:52:08	516438985	‚ÄúLearn dignity and tranquility.‚Äù Umar ibn Khattab	551	145	4598	False
1523632268996083716	Lawyers condemn the alleged state sponsored attack on #GotaGoGama and #MainaGoGama earlier today. https://t.co/O78CULWdYJ	['https://video.twimg.com/ext_tw_video/1523632207616638976/pu/vid/490x270/5NHXCdKn72X3ePwG.mp4?tag=12']	2022-05-09 11:53:35	66329707	DailyMirror	39	528047	81431	False
1523635542457430016	Massive crowd gathered at #GotaGoGama Matara for the support. Time -4.30 p.m https://t.co/jDGSEk63jK	['https://video.twimg.com/ext_tw_video/1523635258716921856/pu/vid/480x852/4nJFnnEu_x64-COb.mp4?tag=12']	2022-05-09 12:06:35	735114550261882881	Name Cannot be Blank	1228	348	1919	False
1523620057146101760	Opposition Leader Sajith Premadasa and mp Eran Wickramarathna attacked at #GotaGoGama https://t.co/vmsJAKrSMp	['https://video.twimg.com/ext_tw_video/1523619236324810752/pu/vid/480x270/jn5_DU8C8TFYWavQ.mp4?tag=12']	2022-05-09 11:05:03	1518514546398404610	Wayambatimes	4	8	64	False
1523623972327223296	"Thugs attacking innocent people during the struggle...
WE HATE THIS RULERS...

#GoHomeGota2022 #SriLanka  #ProtestLK #MynaGoGama #GotaGoGama #PoliceCurfew #GoHomeRajapakshas #‡∂Ö‡∂ª‡∂ú‡∂Ω‡∂∫‡∂ß‡∂¢‡∂∫ #GalleFaceProtest https://t.co/CRkug66Vkb"	['https://video.twimg.com/ext_tw_video/1523623937866977280/pu/pl/4kvdXo0UuHU25UGx.m3u8?tag=12&container=fmp4']	2022-05-09 11:20:37	1424025262405029893	ShanM	1003	1101	943	False
1523614379479945216	"Video of pro government goons being punished as they attempt to escape this afternoons violence hit Galle Face.

#lka #SriLanka #ProtestLK #MynaGoGama #Police #GotaGoGama #PoliceCurfew #GoHomeRajapakshas #‡∂Ö‡∂ª‡∂ú‡∂Ω‡∂∫‡∂ß‡∂¢‡∂∫ #GalleFaceProtest 
via-
@MDWLiveSriLanka https://t.co/2xLglZqaX4"	['https://video.twimg.com/ext_tw_video/1523614348610056192/pu/vid/320x580/3ksrdh8Xqv397loS.mp4?tag=12']	2022-05-09 10:42:30	1424025262405029893	ShanM	1003	1101	943	False
1523620835965083651	"Supporters of Gov coming without any resistance from police. And protesters pleading to use water canon and tear gas to stop them.  But no action taken. 

#GoHomeGota2022 #SriLanka  #ProtestLK #MynaGoGama #GotaGoGama #PoliceCurfew #GoHomeRajapakshas #‡∂Ö‡∂ª‡∂ú‡∂Ω‡∂∫‡∂ß‡∂¢‡∂∫ #GalleFaceProtest https://t.co/tXQnSfDedW"	['https://video.twimg.com/ext_tw_video/1523620604762640384/pu/vid/480x852/-J90g37fi1HSAySK.mp4?tag=12']	2022-05-09 11:08:09	1507645317944160257	SHAN	61	33	148	False
1523610717261205507	"You have play with wrong generation ‡∂Ö‡∂¥‡∑ä‡∂¥‡∂†‡∑ä‡∂†‡∑ì
#AttackonGGG
#‡∂Ö‡∂ª‡∂ú‡∂Ω‡∂∫‡∂ß‡∂¢‡∂∫
#GotaGoGama https://t.co/AgAUatE01A"	['https://video.twimg.com/ext_tw_video/1523610684222701568/pu/vid/260x426/esIlhJ4od6lon-DD.mp4?tag=12']	2022-05-09 10:27:56	1334519870130556928	Miss Jung üåºüíÉ	97	19	101	False
1523634571514118145	"@PresRajapaksa supporters jeered as the #Anthare joined in the protests at the now destroyed #GotaGoGama in Galle Face. 

#GoHomeGota2022 #SriLanka  #ProtestLK  #GotaGoGama #PoliceCurfew #GoHomeRajapakshas #‡∂Ö‡∂ª‡∂ú‡∂Ω‡∂∫‡∂ß‡∂¢‡∂∫ https://t.co/XydAmKIYbb"	['https://video.twimg.com/ext_tw_video/1523634465519685633/pu/pl/vgqvRpN0eEf1ma6D.m3u8?tag=12&container=fmp4']	2022-05-09 12:02:44	1507645317944160257	SHAN	61	33	148	False
1523627495928385537	"This is the reason why people in Dematagoda protesting, a gas dealer refusing to sell gas cylinders to the ordinary public but selling them to the businesses at a higher price.

#GoHomeGota2022 #SriLanka  #ProtestLK  #GotaGoGama #PoliceCurfew #GoHomeRajapakshas #‡∂Ö‡∂ª‡∂ú‡∂Ω‡∂∫‡∂ß‡∂¢‡∂∫ https://t.co/THMsH0ZBtZ"	['https://video.twimg.com/ext_tw_video/1523627383257018370/pu/vid/320x564/11rin76R19PYF1oh.mp4?tag=12']	2022-05-09 11:34:37	1507645317944160257	SHAN	61	33	148	False
1523616565161127936	"Police by Colombo‚Äôs Galle Face green. Tense scenes continue here. 

#lka #SriLanka #ProtestLK #MynaGoGama #Police #GotaGoGama #PoliceCurfew #GoHomeRajapakshas #‡∂Ö‡∂ª‡∂ú‡∂Ω‡∂∫‡∂ß‡∂¢‡∂∫ #GalleFaceProtest https://t.co/H18VDUrif8"	['https://video.twimg.com/ext_tw_video/1523616454230298624/pu/vid/1280x720/VIgTfjHmTHrCPGJ1.mp4?tag=12']	2022-05-09 10:51:11	1507645317944160257	SHAN	61	33	148	False
1523607923737653248	"#UPDATED : emonstrator at #GotaGoGama rushed to hospital.
#lka #SriLanka #ProtestLK #MynaGoGama #Police #GotaGoGama #PoliceCurfew #GoHomeRajapakshas 
#‡∂Ö‡∂ª‡∂ú‡∂Ω‡∂∫‡∂ß‡∂¢‡∂∫ https://t.co/oC0kZcXBw3"	['https://video.twimg.com/ext_tw_video/1523607826148511744/pu/pl/f0Oiji2M-RgZhmpP.m3u8?tag=12&container=fmp4']	2022-05-09 10:16:50	1507645317944160257	SHAN	61	33	148	False
1523628725291880449	"Right now who‚Äôs watching from home .
#GotaGoGama #gohomegota2022 https://t.co/MfLdI19g1X"	['https://video.twimg.com/ext_tw_video/1523628697265520640/pu/pl/Vrr6Db66LYdx3qfY.m3u8?tag=12&container=fmp4']	2022-05-09 11:39:30	832360519709306882	Sabreen ismail	123	63	721	False
1523615538383310848	"Sajith attacked amidst tensions at Galle Face protest site.

#lka #SriLanka #ProtestLK #MynaGoGama #Police #GotaGoGama #PoliceCurfew #GoHomeRajapakshas #‡∂Ö‡∂ª‡∂ú‡∂Ω‡∂∫‡∂ß‡∂¢‡∂∫ #GalleFaceProtest 
via- @AdaDerana_24 https://t.co/VT7334OJSA"	['https://video.twimg.com/ext_tw_video/1523615395051151362/pu/vid/640x360/wEDiiMNcaIZlICV8.mp4?tag=12']	2022-05-09 10:47:06	1507645317944160257	SHAN	61	33	148	False
1523614217651503104	"Video of pro government goons being punished as they attempt to escape this afternoons violence hit Galle Face.

#lka #SriLanka #ProtestLK #MynaGoGama #Police #GotaGoGama #PoliceCurfew #GoHomeRajapakshas #‡∂Ö‡∂ª‡∂ú‡∂Ω‡∂∫‡∂ß‡∂¢‡∂∫ #GalleFaceProtest 
via-@MDWLiveSriLanka https://t.co/NaE1VmOloT"	['https://video.twimg.com/ext_tw_video/1523614193223704576/pu/vid/320x580/LVDADr0kW3VOaJ0C.mp4?tag=12']	2022-05-09 10:41:51	1507645317944160257	SHAN	61	33	148	False
1523619307108057092	How the people treat to Mahinda's protesters #GoHomeRajapakshas #GotaGoGama #GotaGoHome #‡∂Ö‡∂ª‡∂ú‡∂Ω‡∂∫‡∂ß‡∂¢‡∂∫ https://t.co/NyuJCbFcGF	['https://video.twimg.com/ext_tw_video/1523595199745826821/pu/vid/368x656/U1zDzB6w0uumJS9_.mp4?tag=12']	2022-05-09 11:02:04	1243055223716728832	Thisara Naveen	2618	707	836	False
1523612766468067329	"Pro-government protesters attacked a peaceful protester in Galle Face Protest...

#lka #SriLanka #ProtestLK #MynaGoGama #Police #GotaGoGama #PoliceCurfew #GoHomeRajapakshas 
#‡∂Ö‡∂ª‡∂ú‡∂Ω‡∂∫‡∂ß‡∂¢‡∂∫ #GalleFaceProtest 

Vd From - @anp66 https://t.co/ggaCVZLv2f"	['https://video.twimg.com/ext_tw_video/1523612692124164098/pu/vid/848x480/ZAh43Myx7OdiJI-g.mp4?tag=12']	2022-05-09 10:36:05	1507645317944160257	SHAN	61	33	148	False
1523617128942694400	"This is how mobs and thugs should be treatedüòéüî•üëç

#GotaGoGama 
#GoHomeRajapakshas 
#GoHomeMahinda https://t.co/En196iOUK0"	['https://video.twimg.com/ext_tw_video/1523617080381165569/pu/vid/640x352/zqiZcFluM3lZZu1C.mp4?tag=12']	2022-05-09 10:53:25	1124705303566487558	I'm a SriLankanüíú	138	2251	60773	False
1523642699798429696	"Former Minister Johnson Fernando‚Äôs party office in Kurunagala has been set on fire....
#powertothepeople‚úäüèæ #GoHomeMahinda
#SriLanka #lka  #SriLankanCrisis #GalleFaceProtest #galleface #EconomicCrisisLK #ProtestLK #GotaGoHome #gohomegota #gotagogama
 https://t.co/TqLo7eUrvv"	['https://video.twimg.com/ext_tw_video/1523639460994314242/pu/vid/352x640/QsT_FddDTIRqtkIQ.mp4?tag=12']	2022-05-09 12:35:02	1129720498936397825	Mako	377	42	1748	False
1523611277087887361	"#UPDATE : Footage of attack on Opposition Leader Sajith Premadasa and MP Eran Wickramaratne at Galle Face.

#lka #SriLanka #ProtestLK #MynaGoGama #Police #GotaGoGama #PoliceCurfew #GoHomeRajapakshas 
#‡∂Ö‡∂ª‡∂ú‡∂Ω‡∂∫‡∂ß‡∂¢‡∂∫ #galleface https://t.co/BHfKZUcE6S"	['https://video.twimg.com/ext_tw_video/1523611084778872832/pu/vid/320x564/9_giH2mpnXJ-6cYl.mp4?tag=12']	2022-05-09 10:30:10	1507645317944160257	SHAN	61	33	148	False
1523627943331000320	"Till End pls 
#GotaGoGama 
#GoHomeRajapakshas https://t.co/dGmZizNfE9"	['https://video.twimg.com/ext_tw_video/1523627787781029890/pu/vid/426x426/SkrOWGxtjxCknKsM.mp4?tag=12']	2022-05-09 11:36:23	1106254238882029568	Tharsheen Jude	87	31	53	False
1523638337990709248	"Sajith Getting Ambushed at Gota Go Gama

#sajithpremadasa #attack #gotagogama #Newsupdate #Trending #TrendingNews https://t.co/wH7HlqR10p"	['https://video.twimg.com/ext_tw_video/1523635672523091968/pu/vid/480x848/TeQJR4Qn063CfG5X.mp4?tag=12']	2022-05-09 12:17:42	1486358271912992772	Weekly Us	125	8	17	False
1523624840468459520	"#GotaGoGama is not just what was put up in GF. It's the power of Sri Lankan people. When the mother branch gets a hit all the other branches stand strong!!!

The Matara GotaGoGama is million times stronger now üî•

‡∂Ö‡∂ª‡∂ú‡∂Ω‡∂∫‡∂ß ‡∂¢‡∂∫ ‚ù§Ô∏è

#GoHomeRajapaksa #GoHomeGota #GoHomeMahinda https://t.co/0xxZaWalRR"	['https://video.twimg.com/ext_tw_video/1523624496414052354/pu/pl/ggHBgOzwaIcUPcRB.m3u8?tag=12&container=fmp4']	2022-05-09 11:24:04	999294328584450048	Aadhil Siddhique	937	512	4708	False
1523616993789710336	"#GotaGoGama rebuild already commenced #SriLankaProtests 

#SriLanka  #ProtestLK #MynaGoGama #Police #GotaGoGama #PoliceCurfew #GoHomeRajapakshas #‡∂Ö‡∂ª‡∂ú‡∂Ω‡∂∫‡∂ß‡∂¢‡∂∫ #GalleFaceProtest https://t.co/eK8jmXtDWE"	['https://video.twimg.com/ext_tw_video/1523616920901140480/pu/pl/L3_sfp2oNI6h1JaS.m3u8?tag=12&container=fmp4&v=de3']	2022-05-09 10:52:53	1507645317944160257	SHAN	61	33	148	False
1523626842573664256	"ACondition of Mahinda supporters right now! üôÇ

#GoHomeRajapakshas #SriLanka #GotaGoGama #GoHomeGota https://t.co/zJQInkoLZe"	['https://video.twimg.com/ext_tw_video/1523626805877669888/pu/vid/426x418/QMCFNVp6EsfuaUif.mp4?tag=12']	2022-05-09 11:32:01	1261571304760569861	‡Æ∑‡Ææ‡Æú‡Æï‡Ææ‡Æ©‡Øç Ô£øüá±üá∞	7810	12006	168076	False
1523621238769274886	"Protesters in Gotagogama and Mainagogama attack Mahinda Rajapaksa supporters and push them into the Beira Lake

#srilanka #ProtestLK #GotaGoGama #‡∂Ö‡∂ª‡∂ú‡∂Ω‡∂∫‡∂ß‡∂¢‡∂∫ https://t.co/130YRCbqLi"	['https://video.twimg.com/ext_tw_video/1523621002416201729/pu/vid/192x424/-3EiSsxvcNj7_LvH.mp4?tag=12']	2022-05-09 11:09:45	134440873	lucias	1278	855	2026	False
1523621464196354048	"Rajapaksa supporter dumped into a grabage bin by angry protester

#srilanka #ProtestLK #GotaGoGama #‡∂Ö‡∂ª‡∂ú‡∂Ω‡∂∫‡∂ß‡∂¢‡∂∫ https://t.co/zj6lJYDFdH"	['https://video.twimg.com/ext_tw_video/1523621376707506176/pu/vid/234x426/KxRJ7YJJUnZCHgvM.mp4?tag=12']	2022-05-09 11:10:39	134440873	lucias	1278	855	2026	False
1523629222438137857	Update: Celebrations at #GotaGoGama over the news of PM Mahinda Rajapaksa resigning. https://t.co/OUkjwnQ8DR	['https://video.twimg.com/ext_tw_video/1523629176816766977/pu/vid/490x270/pl-qqNlY1fke0_cH.mp4?tag=12']	2022-05-09 11:41:28	66329707	DailyMirror	39	528048	81431	False
1523636127886094338	"Rajapaksa thugs destroyed Kandy protest site too. Police watching. IGP should  go! lets make this also a slogan!

#GoHomeGota2022 #SriLanka  #ProtestLK  #GotaGoGama #PoliceCurfew #GoHomeRajapakshas #‡∂Ö‡∂ª‡∂ú‡∂Ω‡∂∫‡∂ß‡∂¢‡∂∫ https://t.co/fXq9W138jZ"	['https://video.twimg.com/ext_tw_video/1523636030267613184/pu/vid/320x580/2sA1Y5FtRE25sF0u.mp4?tag=12']	2022-05-09 12:08:55	1507645317944160257	SHAN	61	33	148	False
1523641959025606656	"#GoHomeGota
#SriLanka the counter violence by ppl against violence unleased by ruling Srilanka would not have imagined in their wildest dreams of people's anger of this scale. 1 MP dead in clashes.

#SriLankaCrisis #SrilankanCrisis #SriLankaProtests #GotaGoGama https://t.co/BQIpwfzyTC"	['https://video.twimg.com/ext_tw_video/1523641710223699969/pu/vid/320x564/Q1LGYzPA4Zuo2z4s.mp4?tag=12']	2022-05-09 12:32:05	1462889054542778368	shahinur	130	123	1606	False
1523615045498056705	"Police water canons -  as pro 
@PresRajapaksa

 supporters attack Galle Face protest site #SriLanka...

#lka #SriLanka #ProtestLK #MynaGoGama #Police #GotaGoGama #PoliceCurfew #GoHomeRajapakshas #‡∂Ö‡∂ª‡∂ú‡∂Ω‡∂∫‡∂ß‡∂¢‡∂∫ #GalleFaceProtest 
via- 
@AmanthaP https://t.co/RRNuxHYsxz"	['https://video.twimg.com/ext_tw_video/1523614991617863686/pu/vid/320x564/sSK1RQOHzlGU-Zps.mp4?tag=12']	2022-05-09 10:45:08	1424025262405029893	ShanM	1003	1101	943	False
1523628716747755520	"A Man who raise hand to a Woman is not worth to be called as a Man.

Also where's the respect to the National Flag üá±üá∞ ? Are they actually Sri Lankan ?ü§î

#GoHomeGota2022 #SriLanka  #ProtestLK  #GotaGoGama #PoliceCurfew #GoHomeRajapakshas #‡∂Ö‡∂ª‡∂ú‡∂Ω‡∂∫‡∂ß‡∂¢‡∂∫ https://t.co/4XCEm2kr45"	['https://video.twimg.com/ext_tw_video/1523628681234628609/pu/pl/wKfmYlMfP9T0xRXe.m3u8?tag=12&container=fmp4']	2022-05-09 11:39:28	1424025262405029893	ShanM	1003	1101	943	False
1523628616550023169	"A Man who raise hand to a Woman is not worth to be called as a Man.

Also where's the respect to the National Flag üá±üá∞ ? Are they actually Sri Lankan ?ü§î

#GoHomeGota2022 #SriLanka  #ProtestLK  #GotaGoGama #PoliceCurfew #GoHomeRajapakshas #‡∂Ö‡∂ª‡∂ú‡∂Ω‡∂∫‡∂ß‡∂¢‡∂∫ https://t.co/2MaTFQyyDp"	['https://video.twimg.com/ext_tw_video/1523628542373900288/pu/vid/320x342/lRIWfxAv9XK9-KJ7.mp4?tag=12']	2022-05-09 11:39:04	1507645317944160257	SHAN	61	33	148	False
1523615939627225088	"Pro-government protesters attacked a peaceful protester in Galle Face Protest.

#lka #SriLanka #ProtestLK #MynaGoGama #Police #GotaGoGama #PoliceCurfew #GoHomeRajapakshas #‡∂Ö‡∂ª‡∂ú‡∂Ω‡∂∫‡∂ß‡∂¢‡∂∫ #GalleFaceProtest https://t.co/LNEutRR6zf"	['https://video.twimg.com/ext_tw_video/1523615911302905856/pu/vid/372x194/ldhZ7NX_4wovY0Dk.mp4?tag=12']	2022-05-09 10:48:42	1507645317944160257	SHAN	61	33	148	False
1523608291049623554	"#UPDATE : emonstrator at #GotaGoGama rushed to hospital.

#lka #SriLanka #ProtestLK #MynaGoGama #Police #GotaGoGama #PoliceCurfew #GoHomeRajapakshas 
#‡∂Ö‡∂ª‡∂ú‡∂Ω‡∂∫‡∂ß‡∂¢‡∂∫ https://t.co/N5Ok8WwltA"	['https://video.twimg.com/ext_tw_video/1523608231880372226/pu/vid/320x674/XmXTLePkI1AvSV5K.mp4?tag=12']	2022-05-09 10:18:18	1424025262405029893	ShanM	1003	1101	943	False
1523627012862410752	"Our heart aches. How can one betray his/her own country for a bottle of alcohol?

Our fellow protestors, please evacuate. Your personal safety is important at this point. We can and we will rebuild GGG.

#SriLanka  #ProtestLK #GotaGoGama #GoHomeRajapakshas #‡∂Ö‡∂ª‡∂ú‡∂Ω‡∂∫‡∂ß‡∂¢‡∂∫ #GalleFace https://t.co/1Dipnb9f0n"	['https://video.twimg.com/ext_tw_video/1523626974048137219/pu/vid/640x352/r9hPt0HEBuvxRD99.mp4?tag=12']	2022-05-09 11:32:42	1424025262405029893	ShanM	1003	1101	943	False
1523622655336755200	"I‚Äôm at Rathmalana and the people here are checking all the busses coming from Galle Face to identify the busses which transported the state paid thugs.
The people can‚Äôt be stopped.
#GotaGoGama https://t.co/GqcYCO27o0"	['https://video.twimg.com/ext_tw_video/1523622591180775425/pu/vid/720x1280/zWNQywLBs2cEzTU1.mp4?tag=12']	2022-05-09 11:15:23	1510279136090095616	Thenuka Fernando	69	164	69	False
1523621576695967744	A double cab has been thrown into the beiral lake by protestors #lk #GotaGoGama #boublecab #srilanak #colombo https://t.co/YE4fQqRMZc	['https://video.twimg.com/ext_tw_video/1523621419124289536/pu/vid/320x564/bBeSNFKw_mdEeZ5F.mp4?tag=12']	2022-05-09 11:11:06	434762431	S.S.S.Segu	213	174	1877	False
1523607718451417088	National Hospital Sri Lanka doing their best to treat the #GotaGoGama protesters.. also staffs are out and protesting.. also seen they are refusing to treat ‚Å¶@srilanka_police‚Å© https://t.co/NhYbYKqVA2	['https://video.twimg.com/ext_tw_video/1523607665376641025/pu/vid/320x564/gJNqUm04O05iV_y9.mp4?tag=12']	2022-05-09 10:16:01	1119945802347163648	Darshan. K	103	44	1114	False
1523615575288987649	Violence caused by Government in sri lanka #GotaGoGama #GotaGoHome2022 #RajapaksasGoHome #gotagojail #SLnews #slprotest #ProtestLK @BBC @BBCNews  @BBCWorld @BBCBreaking @cnnbrk @CNN @cnni @AlJazeera https://t.co/OL1cGMzvMG	['https://video.twimg.com/ext_tw_video/1523615496431624193/pu/pl/tUqmKuaGyugbr9q0.m3u8?tag=12&container=fmp4']	2022-05-09 10:47:15	2664632184	Sanjuka Karunathilaka	173	104	1441	False
1523624099947237376	"#GoHomeGota #SriLanka #GotaGoGama
Unbelievable! A bus carrying back Rajapaksa thugs are being destroyed using Backhoe. https://t.co/5cVHy7idT5"	['https://video.twimg.com/ext_tw_video/1523623402518548488/pu/pl/oyzY-Pbp0-iNMTOo.m3u8?tag=12&container=fmp4']	2022-05-09 11:21:07	27633152	sunanda deshapriya	462	25040	17922	False
1523617293049413634	"#GotaGoGama rebuild already commenced #SriLankaProtests 

#SriLanka  #ProtestLK #MynaGoGama #Police #GotaGoGama #PoliceCurfew #GoHomeRajapakshas #‡∂Ö‡∂ª‡∂ú‡∂Ω‡∂∫‡∂ß‡∂¢‡∂∫ #GalleFaceProtest https://t.co/jwJrBnDbj4"	['https://video.twimg.com/ext_tw_video/1523617178351804416/pu/vid/480x852/A5yD7ZVQzimzlU25.mp4?tag=12']	2022-05-09 10:54:04	1424025262405029893	ShanM	1003	1101	943	False
1523617632620269569	"People are searching beside roads those who attacked #GotaGoGama : our staff bus was also checked 

#ProtestLK #SriLankaCrisis #lka https://t.co/RtJgLfCliU"	['https://video.twimg.com/ext_tw_video/1523617476512305152/pu/vid/320x568/L5OQFMEkwguDuf3z.mp4?tag=12']	2022-05-09 10:55:25	1465228439917678597	Sheain Fernandopulle	103	73	584	False
1523613386008793088	"Supporters of the Prime Minister jumped into the Berewewa after being chased by Galle Face protesters.

#lka #SriLanka #ProtestLK #MynaGoGama #Police #GotaGoGama #PoliceCurfew #GoHomeRajapakshas #‡∂Ö‡∂ª‡∂ú‡∂Ω‡∂∫‡∂ß‡∂¢‡∂∫ #GalleFaceProtest 
via-
@ManithFdo10 https://t.co/lBAgXUhZ1N"	['https://video.twimg.com/ext_tw_video/1523613359438012417/pu/pl/Cam6t3gZ-JulO05a.m3u8?tag=12&container=fmp4']	2022-05-09 10:38:33	1424025262405029893	ShanM	1003	1101	943	False
1523640072893247488	"#GotaGoGama rebuild already commenced #SriLankaProtests.üëá

#SriLankaCrisis #SrilankanCrisis #SriLanka https://t.co/F2vhSfFWzG"	['https://video.twimg.com/ext_tw_video/1523640002298920960/pu/pl/a_5fRzxs2nfLJRKz.m3u8?tag=12&container=fmp4']	2022-05-09 12:24:35	1462889054542778368	shahinur	130	123	1606	False
1523618102285643783	Power to the people. Today, we will take back everything they thought we lost. Gotagogama stronger than ever. #gohomemaina #gotagogama #SriLanka #ProtestLK #srilankacrisis #GoHomeRajapakses #GoHomeGota #GoHomeRajapakshas https://t.co/jLByJE4W8Y	['https://video.twimg.com/ext_tw_video/1523617949025775617/pu/vid/352x640/ord0VRt68RM5_kiO.mp4?tag=12']	2022-05-09 10:57:17	52640016	Nayomini Weerasooriya	59	208	1219	False
1523613593799114752	"The moment opposition leader Sajith Premadasa was chased away at Galle Face. 

#lka #SriLanka #ProtestLK #MynaGoGama #Police #GotaGoGama #PoliceCurfew #GoHomeRajapakshas #‡∂Ö‡∂ª‡∂ú‡∂Ω‡∂∫‡∂ß‡∂¢‡∂∫ #GalleFaceProtest 
via-@Kavinthans https://t.co/A6Vcy6NXLD"	['https://video.twimg.com/ext_tw_video/1523613574765203457/pu/pl/U7G_hJ6dsiRLYAoZ.m3u8?tag=12&container=fmp4']	2022-05-09 10:39:22	1507645317944160257	SHAN	61	33	148	False
1523641413581557760	"Current Condition of supporters of Mahinda and Nandasena Gotabhaya government.ü§£ü§£

#SriLankaCrisis #SrilankanCrisis #SriLanka #SriLankaProtests #GotaGoGama https://t.co/vQggKZjdS3"	['https://video.twimg.com/ext_tw_video/1523641313643892738/pu/vid/480x848/TTpQU65vwYXANanM.mp4?tag=12']	2022-05-09 12:29:55	1462889054542778368	shahinur	130	123	1606	False
1523632026792132608	"#UPDATE - Scenes in front of Temple Trees. 

#GoHomeGota2022 #SriLanka  #ProtestLK  #GotaGoGama #PoliceCurfew #GoHomeRajapakshas #‡∂Ö‡∂ª‡∂ú‡∂Ω‡∂∫‡∂ß‡∂¢‡∂∫ https://t.co/d0XT7fXguc"	['https://video.twimg.com/ext_tw_video/1523631750114648070/pu/vid/480x270/E2kZMjn_fD0l7aDs.mp4?tag=12']	2022-05-09 11:52:37	1507645317944160257	SHAN	61	33	148	False
1523622701159825416	"#GoHomeGota #SriLanka #GotaGoGama
Moratuwa  Mayor S. Fernando's house on fire. He led group pf thugs to attacked peaceful protestors today 
Peoples anger has not limit! https://t.co/Gb0y4WNWZb"	['https://video.twimg.com/ext_tw_video/1523622036219834368/pu/vid/320x580/VS1635PkUjnE4oY9.mp4?tag=12']	2022-05-09 11:15:34	27633152	sunanda deshapriya	462	25040	17922	False
1523610853416742912	"#UPDATE : Supporters of the Prime Minister jump into Berawewa after being chased by Galle Face protesters.

#lka #SriLanka #ProtestLK #MynaGoGama #Police #GotaGoGama #PoliceCurfew #GoHomeRajapakshas 
#‡∂Ö‡∂ª‡∂ú‡∂Ω‡∂∫‡∂ß‡∂¢‡∂∫ #galleface https://t.co/Q6rloMydJg"	['https://video.twimg.com/ext_tw_video/1523610817341665280/pu/pl/TOyGOtjcs9huhc2t.m3u8?tag=12&container=fmp4']	2022-05-09 10:28:29	1424025262405029893	ShanM	1003	1101	943	False
1523631437802442753	"The greatest political upheaval of the youth in the history of Sri Lanka.
Remember the DATE 09.05.2022

#GoHomeGota2022 #SriLanka  #ProtestLK  #GotaGoGama #PoliceCurfew #GoHomeRajapakshas #‡∂Ö‡∂ª‡∂ú‡∂Ω‡∂∫‡∂ß‡∂¢‡∂∫ https://t.co/EakmV7PUWq"	['https://video.twimg.com/ext_tw_video/1523631400150351875/pu/pl/rCg1j9AWLJVzkng_.m3u8?tag=12&container=fmp4&v=63a']	2022-05-09 11:50:17	1507645317944160257	SHAN	61	33	148	False
1523620193754173443	If @PresRajapaksa @GotabayaR had any sense of how to deal with a crisis they wouldn‚Äôt have done what they did today. The architects of the crisis orchestrated the violence that we experienced today. The peaceful protests continue! Stronger! #GotaGoHome2022 #GotaGoGama https://t.co/0oftdCs8eR	['https://video.twimg.com/ext_tw_video/1523620051345100800/pu/pl/gHiBWqnTxMC_b9sh.m3u8?tag=12&container=fmp4']	2022-05-09 11:05:36	466114938	jake oorloff	298	435	514	False
1523632450101911552	"#UPDATE - Scenes in front of Temple Trees. 

#GoHomeGota2022 #SriLanka  #ProtestLK  #GotaGoGama #PoliceCurfew #GoHomeRajapakshas #‡∂Ö‡∂ª‡∂ú‡∂Ω‡∂∫‡∂ß‡∂¢‡∂∫ https://t.co/G9pKKy5Nbm"	['https://video.twimg.com/ext_tw_video/1523632195277045773/pu/pl/PXGkFcCbMjt-RI8V.m3u8?tag=12&container=fmp4']	2022-05-09 11:54:18	1424025262405029893	ShanM	1003	1101	943	False
1523626925087879168	"Give your fullest support on his way üëçüëçüëåüëå
OUR HUGE RESPECT...

#GoHomeGota2022 #SriLanka  #ProtestLK #MynaGoGama #GotaGoGama #PoliceCurfew #GoHomeRajapakshas #‡∂Ö‡∂ª‡∂ú‡∂Ω‡∂∫‡∂ß‡∂¢‡∂∫ #GalleFaceProtest https://t.co/NjoNCaeQZb"	['https://video.twimg.com/ext_tw_video/1523626881903439872/pu/vid/320x320/41WBvcnrydG8ozbb.mp4?tag=12']	2022-05-09 11:32:21	1424025262405029893	ShanM	1003	1101	943	False
1523620854193541120	"‡∂¢‡∂∫ ‡∑Ä‡∑ö‡∑Ä‡∑è ‡∂Ö‡∂ª‡∂ú‡∂Ω‡∂∫‡∂ß! üî± 
This what happens when you ask Mahinda Again üö´
#lk #lka #GoodByeMahinda  #GoodByeGota #SriLankaCrisis #SriLankanProtests  #GotaGoGama @PresRajapaksa  @GotabayaR https://t.co/zNc8BsMiLm"	['https://video.twimg.com/ext_tw_video/1523620559044587520/pu/pl/u1fObETSdKBD0uOj.m3u8?tag=12&container=fmp4']	2022-05-09 11:08:13	3356575338	Shamil Ahamed	398	294	129	False
1523628076373995522	"Fuck around get fucked. Should have thought before coming to beat innocent people. 

#GotaGoGama https://t.co/YV52FS5p8l"	['https://video.twimg.com/ext_tw_video/1523627948372533248/pu/pl/uZnm13PaeaHLi2v3.m3u8?tag=12&container=fmp4']	2022-05-09 11:36:55	1499309434530852864	LuciHyulloh	49	14	632	False
1523626823812222977	"Our heart aches. How can one betray his/her own country for a bottle of alcohol?

Our fellow protestors, please evacuate. Your personal safety is important at this point. We can and we will rebuild GGG.

#SriLanka  #ProtestLK #GotaGoGama #GoHomeRajapakshas #‡∂Ö‡∂ª‡∂ú‡∂Ω‡∂∫‡∂ß‡∂¢‡∂∫ #GalleFace https://t.co/z7rLWa0q9M"	['https://video.twimg.com/ext_tw_video/1523626789955944449/pu/vid/490x270/kmxmLTevkzIEGQAr.mp4?tag=12']	2022-05-09 11:31:57	1507645317944160257	SHAN	61	33	148	False
